{
    "$schema": "../jesgo.json",
    "$id": "/schema/evaluations/cervix",
    "jesgo:version": "1.0",
    "jesgo:parentschema": [
        "/schema/surveillance"
    ],
    "jesgo:unique": true,
    "type": "object",
    "title": "子宮頸部検査",
    "properties": {
        "細胞診": {
            "type": "string",
            "enum": [
                "未実施",
                "NILM",
                "ASC-US",
                "LSIL",
                "HSIL",
                "ASC-H",
                "SCC",
                "AGC",
                "AIS",
                "Adenocarcinoma",
                "other malig."
            ]
        },
        "生検組織診": {
            "type": "string",
            "jesgo:ui:textarea": true
        },
        "診断的円錐切除": {
            "type": "string",
            "jesgo:ui:textarea": true
        }
    }
}
