{
    "$schema": "../jesgo.json",
    "$id": "/schema/evaluations/colposcopy",
    "jesgo:version": "1.0",
    "jesgo:parentschema": [
        "/schema/surveillance"
    ],
    "jesgo:unique": true,
    "type": "object",
    "title": "コルポスコピー",
    "properties": {
        "検査実施日": {
            "type": "string",
            "format": "date",
            "jesgo:set": "eventdate"
        },
        "コルポスコピー判定": {
            "type": "string",
            "enum": ["NCF", "ACF", "UCF"]
        },
        "所見": {
            "type": "string",
            "jesgo:ui:textarea": true
        }
    }
}
