{
    "$schema": "../jesgo.json",
    "$id": "/schema/evaluations/oncogenes",
    "jesgo:version": "1.0",
    "jesgo:parentschema": [
        "/schema/surveillance"
    ],
    "jesgo:unique": true,
    "type": "object",
    "title": "腫瘍遺伝子検査",
    "properties": {
        "BRCA1変異": {
            "title": "myChoice(TM) BRCA1変異",
            "type": "string"
        },
        "BRCA2変異": {
            "title": "myChoice(TM) BRCA2変異",
            "type": "string"
        },
        "HRD": {
            "title": "myChoice(TM) HRD",
            "type": "string"
        },
        "MSI": {
            "title": "MSI検査",
            "type": "number"
        },
        "がん遺伝子パネル検査": {
            "type": "object",
            "properties": {
                "方法": {
                    "type": "string",
                    "enum": [
                        "FoundationOne(R) CDXがんゲノムプロファイル",
                        "OncoGuide(TM) NCCオンコパネルシステム"
                    ]
                },
                "詳細": {
                    "type": "string"
                }
            }
        }
    }
}
