{
    "$schema": "../jesgo.json",
    "$id": "/schema/evaluations/imaging",
    "jesgo:version": "1.0",
    "jesgo:parentschema": [
        "/schema/surveillance"
    ],
    "jesgo:unique": false,
    "type": "object",
    "title": "画像",
    "properties": {
        "検査実施日": {
            "type": "string",
            "format": "date",
            "jesgo:set": "eventdate"
        },
        "モダリティ": {
            "type": "string",
            "enum": [
                "CT",
                "造影CT",
                "MRI",
                "造影MRI",
                "ダイナミックMRI",
                "PET",
                "PET-CT",
                "骨シンチグラフィ",
                "超音波断層法"
            ]
        },
        "所見": {
            "type": "string",
            "jesgo:ui:textarea": true
        }
    }
}
