{
    "$schema": "../jesgo.json",
    "$id": "/schema/evaluations/performance_status",
    "jesgo:version": "1.1",
    "jesgo:parentschema": [
        "/schema/surveillance"
    ],
    "jesgo:unique": true,
    "type": "object",
    "title": "PerformanceStatus",
    "description": "ECOGのPerformance Status",
    "properties": {
        "PerformanceStatus": {
            "type": "integer",
            "description": "ECOGのPerformance Status",
            "oneOf": [
                {
                    "const": 0,
                    "title": "0: 全く問題なく活動できる。発病前と同じ日常生活が制限なく行える。"
                },
                {
                    "const": 1,
                    "title": "1: 肉体的に激しい活動は制限されるが、歩行可能で、軽作業や座っての作業は行うことができる。"
                },
                {
                    "const": 2,
                    "title": "2: 歩行可能で自分の身の回りのことはすべて可能だが作業はできない。日中の50%以上はベッド外で過ごす。"
                },
                {
                    "const": 3,
                    "title": "3: 限られた自分の身の回りのことしかできない。日中の50%以上をベッドか椅子で過ごす。"
                },
                {
                    "const": 4,
                    "title": "4: 全く動けない。自分の身の回りのことは全くできない。完全にベッドか椅子で過ごす。"
                }
            ]
        }
    }
}
