{
    "$schema": "../jesgo.json",
    "$id": "/schema/evaluations/regional_lymph_nodes",
    "jesgo:version": "1.0",
    "jesgo:parentschema": [
        "/schema/surveillance"
    ],
    "jesgo:unique": true,
    "type": "object",
    "title": "所属リンパ節所見",
    "properties": {
        "所見": {
            "type": "string",
            "enum": [
                "腫大なし",
                "触診もしくは画像診断にて明らかに転移を疑うリンパ節腫大あり",
                "細胞診にてリンパ節転移と診断",
                "組織診(郭清or生検)にてリンパ節転移と診断"
            ]
        }
    }
}