{
    "$schema": "../jesgo.json",
    "$id": "/schema/evaluations/tumor_markers",
    "jesgo:version": "1.0",
    "jesgo:parentschema": [
        "/schema/surveillance"
    ],
    "jesgo:unique": true,
    "type": "object",
    "title": "腫瘍マーカー",
    "properties": {
        "検査実施日": {
            "type": "string",
            "format": "date",
            "jesgo:set": "eventdate"
        },
        "CA125": {
            "type": "number",
            "units": "U/ml"
        },
        "CA19-9": {
            "type": "number",
            "units": "ng/ml"
        },
        "CEA": {
            "type": "number",
            "units": "ng/ml"
        },
        "SCC": {
            "type": "number",
            "units": "ng/ml"
        },
        "AFP": {
            "type": "number",
            "units": "ng/ml"
        }
    }
}
