{
    "$schema": "../jesgo.json",
    "$id": "/schema/treatment/chemotherapy",
    "jesgo:version": "1.2",
    "title": "薬物療法",
    "jesgo:copy": true,
    "type": "object",
    "properties": {
        "投与開始日": {
            "type": "string",
            "format": "date",
            "jesgo:set": "eventdate",
            "jesgo:tag": "treatment_chemo"
        },
        "投与終了日": {
            "type": "string",
            "format": "date"
        },
        "治療区分": {
            "type": "string",
            "enum": [
                "化学療法",
                "分子標的治療",
                "免疫チェックポイント阻害剤",
                "化学療法＋分子標的治療",
                "化学療法＋免疫チェックポイント阻害剤",
                "分子標的治療＋免疫チェックポイント阻害剤",
                "化学療法＋分子標的治療＋免疫チェックポイント阻害剤",
                "ホルモン治療",
                "その他の治療"                                
             ],
            "jesgo:required": [
                "JSOG"
            ] 
        },
        "分子標的治療の種類": {},
        "レジメン名称": {
            "type": "string"
        },
        "治療情報": {
            "type": "array",
            "items": {
                "type": "object",
                "jesgo:ui:subschemastyle": "inline",
                "properties": {
                    "薬剤名": {
                        "$ref": "#/$defs/drugs"
                    },
                    "投与量": {
                        "type": "number",
                        "minimum": 0
                    },
                    "投与量の単位": {
                        "type": "string",
                        "enum": [
                            "AUC",
                            "mg/㎡",
                            "mg/kg",
                            "mg/body",
                            "mg/日"
                        ]
                    }
                }
            }
        }
    },
    "allOf": [
        {
            "if": {
                "properties": {
                    "治療区分": {
                        "pattern": ".*分子標的治療.*"
                    }
                }
            },
            "then": {
                "properties": {
                    "分子標的治療の種類": {
                        "type": "string",
                        "enum": [
                            "分子標的治療（血管新生阻害剤）",
                            "分子標的治療（PARP阻害剤）",
                            "分子標的治療（その他）",
                            "分子標的治療同時併用（血管新生阻害剤＋PARP阻害剤）"                            
                        ]
                    }
                }
            }
        }
    ],
    "$defs": {
        "drugs": {
            "$id": "#drugs",
            "type": "string",
            "jesgo:ui:listtype": "suggestlist",
            "oneOf": [
                {
                    "title": "白金製剤",
                    "enum": [
                        "シスプラチン",
                        "カルボプラチン",
                        "ネダプラチン",
                        "オキサリプラチン"
                    ]
                },
                {
                    "title": "アルキル化薬",
                    "enum": [
                        "シクロホスファミド",
                        "イホスファミド",
                        "メルファラン",
                        "ニムスチン",
                        "テモゾロミド",
                        "ブレオマイシン",
                        "マイトマイシンC",
                        "アクチノマイシンD"
                    ]
                },
                {
                    "title": "微小管阻害薬",
                    "enum": [
                        "パクリタキセル",
                        "ドセタキセル",
                        "ビンクリスチン",
                        "ビンデシン",
                        "ビノレルビン"
                    ]
                },
                {
                    "title": "トポイソメラーぜ阻害薬",
                    "enum": [
                        "イリノテカン",
                        "ノギテカン",
                        "エトポシド",
                        "ゾブゾキサシン"
                    ]
                },
                {
                    "title": "代謝拮抗薬",
                    "enum": [
                        "ゲムシタビン",
                        "メトトレキサート",
                        "ペメトレキセド",
                        "フルオロウラシル",
                        "テガフール・ウラシル(UFT)",
                        "テガフール・ギメラシル・オテラシル(TS-1)",
                        "カペシタビン",
                        "シタラビン(Ara-C)",
                        "メルカプトプリン(6-MP)"
                    ]
                },
                {
                    "title": "抗がん性抗生物質",
                    "enum": [
                        "ドキソルビシン",
                        "リポソーマルドキソルビシン",
                        "ダウノルビシン",
                        "ピラルビシン",
                        "エピルビシン",
                        "イダルビシン",
                        "アクラルビシン",
                        "アムルビシン",
                        "ミトキサトロン",
                        "マイトマイシンC",
                        "アクチノマイシンD",
                        "ブレオマイシン"
                    ]
                },
                {
                    "title": "血管新生阻害薬",
                    "enum": [
                        "ベバシズマブ"
                    ]
                },
                {
                    "title": "免疫チェックポイント阻害薬",
                    "enum": [
                        "ニボルブマブ",
                        "ペムブロリズマブ",
                        "アテゾリズマブ"
                    ]
                },
                {
                    "title": "PARP阻害薬",
                    "enum": [
                        "オラパリブ",
                        "ニラパリブ",
                        "ルカパリブ"
                    ]
                },
                {
                    "title": "チロシンキナーゼ阻害薬",
                    "enum": [
                        "パゾパニブ",
                        "ゲフィチニブ",
                        "エルロチニブ",
                        "アファチニブ",
                        "オシメルチニブ",
                        "ダコミチニブ",
                        "ラパチニブ",
                        "アキシチニブ",
                        "スニチニブ",
                        "パンデタニブ",
                        "レゴラフェニブ",
                        "カボザンチニブ",
                        "レンバチニブ",
                        "ラロトレクチニブ",
                        "ギルテリチニブ",
                        "カプマチニブ",
                        "ペミガチニブ",
                        "テポチニブ",
                        "イブルチニブ",
                        "アカラブルチニブ",
                        "チラブルチニブ",
                        "イマチニブ",
                        "ダサチニブ",
                        "ニロチニブ",
                        "ポナチニブ",
                        "クリゾチニブ",
                        "セリチニブ",
                        "ブリグチニブ",
                        "ロルラチニブ",
                        "ソラフェニブ"
                    ]
                },
                {
                    "title": "ホルモン治療",
                    "enum": [
                        "メドロキシプロゲステロン酢酸エステル(MPA)",
                        "アナストロゾール",
                        "タモキシフェン"
                    ]
                }
            ]
        }
    }
}
