{
    "$schema": "../jesgo.json",
    "$id": "/schema/treatment/radiotherapy",
    "jesgo:version": "1.2",
    "title": "放射線療法",
    "jesgo:copy": true,
    "type": "object",
    "properties": {
        "治療開始日": {
            "type": "string",
            "format": "date",
            "jesgo:set": "eventdate",
            "jesgo:tag": "treatment_radio"
        },
        "治療終了日": {
            "type": "string",
            "format": "date"
        },
        "治療区分": {
            "type": "string",
            "enum": [
                "腔内照射",
                "体外照射",
                "体外照射+腔内照射",
                "同時化学放射線治療(腔内照射)",
                "同時化学放射線治療(体外照射)",
                "同時化学放射線治療(体外照射+腔内照射)",
                "核医学治療"
            ]
        },
        "治療目的": {
            "type": "string",
            "enum": [
                "術前治療",
                "術後治療",
                "根治的治療",
                "緩和的治療"
            ]
        },
        "照射内容": {
            "type": "array",
            "items": {
                "$ref": "#/$defs/radiotherapy"
            }
        },
        "同時化学療法": {}
    },
    "if": {
        "properties": {
            "治療区分": {
                "pattern": "^同時化学放射線治療"
            }
        }
    },
    "then": {
        "properties": {
            "同時化学療法": {
                "type": "object",
                "properties": {
                    "レジメン": {
                        "type": "string",
                        "jesgo:ui:textarea": 1
                    },
                    "治療情報": {
                        "type": "array",
                        "items": {
                            "type": "object",
                            "properties": {
                                "薬剤名": {
                                    "$ref": "#/$defs/drugs"
                                },
                                "投与量": {
                                    "type": "number",
                                    "minimum": 0
                                },
                                "投与量の単位": {
                                    "type": "string",
                                    "enum": [
                                        "AUC",
                                        "mg/㎡",
                                        "mg/kg",
                                        "mg/body",
                                        "mg/日"
                                    ]
                                }
                            },
                            "jesgo:ui:subschemastyle": "inline"
                        }
                    }    
                }
            }    
        }
    },
    "$defs": {
        "radiotherapy": {
            "$id": "#radiotherapy",
            "type": "object",
            "jesgo:ui:subschemastyle": "inline",
            "properties": {
                "照射開始日": {
                    "type": "string",
                    "format": "date"
                },
                "照射終了日": {
                    "type": "string",
                    "format": "date"
                },
                "照射方法": {
                    "type": "string",
                    "enum": [
                        "全骨盤照射",
                        "全骨盤照射(中央遮蔽あり)",
                        "リンパ節への体外照射",
                        "3DCRT, IMRT, VMRTなど",
                        "腔内照射",
                        "組織内照射",
                        "密封小線源治療",
                        "核医学治療"
                    ]
                },
                "照射線量": {
                    "type": "number",
                    "units": "Gy"
                },
                "核種": {
                    "type": "string",
                    "jesgo:ui:visibleWhen": {
                        "properties": {
                            "照射方法": {
                                "const": "核医学治療"
                            }
                        }
                    }
                }
            }
        },
        "drugs": {
            "$id": "#drugs",
            "type": "string",
            "jesgo:ui:listtype": "suggestlist",
            "oneOf": [
                {
                    "title": "白金製剤",
                    "enum": [
                        "シスプラチン",
                        "カルボプラチン",
                        "ネダプラチン",
                        "オキサリプラチン"
                    ]
                },
                {
                    "title": "アルキル化薬",
                    "enum": [
                        "シクロホスファミド",
                        "イホスファミド",
                        "メルファラン",
                        "ニムスチン",
                        "テモゾロミド",
                        "ブレオマイシン",
                        "マイトマイシンC",
                        "アクチノマイシンD"
                    ]
                },
                {
                    "title": "微小管阻害薬",
                    "enum": [
                        "パクリタキセル",
                        "ドセタキセル",
                        "ビンクリスチン",
                        "ビンデシン",
                        "ビノレルビン"
                    ]
                },
                {
                    "title": "トポイソメラーぜ阻害薬",
                    "enum": [
                        "イリノテカン",
                        "ノギテカン",
                        "エトポシド",
                        "ゾブゾキサシン"
                    ]
                },
                {
                    "title": "代謝拮抗薬",
                    "enum": [
                        "ゲムシタビン",
                        "メトトレキサート",
                        "ペメトレキセド",
                        "フルオロウラシル",
                        "テガフール・ウラシル(UFT)",
                        "テガフール・ギメラシル・オテラシル(TS-1)",
                        "カペシタビン",
                        "シタラビン(Ara-C)",
                        "メルカプトプリン(6-MP)"
                    ]
                },
                {
                    "title": "抗がん性抗生物質",
                    "enum": [
                        "ドキソルビシン",
                        "リポソーマルドキソルビシン",
                        "ダウノルビシン",
                        "ピラルビシン",
                        "エピルビシン",
                        "イダルビシン",
                        "アクラルビシン",
                        "アムルビシン",
                        "ミトキサトロン",
                        "マイトマイシンC",
                        "アクチノマイシンD",
                        "ブレオマイシン"
                    ]
                },
                {
                    "title": "分子標的治療",
                    "enum": [
                        "血管新生阻害薬",
                        "免疫チェックポイント阻害薬",
                        "PARP阻害薬",
                        "チロシンキナーゼ阻害薬"
                    ]
                },
                {
                    "title": "血管新生阻害薬",
                    "enum": [
                        "ベバシズマブ"
                    ]
                },
                {
                    "title": "免疫チェックポイント阻害薬",
                    "enum": [
                        "ニボルブマブ",
                        "ペムブロリズマブ",
                        "アテゾリズマブ"
                    ]
                },
                {
                    "title": "PARP阻害薬",
                    "enum": [
                        "オラパリブ",
                        "ニラパリブ",
                        "ルカパリブ"
                    ]
                },
                {
                    "title": "チロシンキナーゼ阻害薬",
                    "enum": [
                        "パゾパニブ",
                        "ゲフィチニブ",
                        "エルロチニブ",
                        "アファチニブ",
                        "オシメルチニブ",
                        "ダコミチニブ",
                        "ラパチニブ",
                        "アキシチニブ",
                        "スニチニブ",
                        "パンデタニブ",
                        "レゴラフェニブ",
                        "カボザンチニブ",
                        "レンバチニブ",
                        "ラロトレクチニブ",
                        "ギルテリチニブ",
                        "カプマチニブ",
                        "ペミガチニブ",
                        "テポチニブ",
                        "イブルチニブ",
                        "アカラブルチニブ",
                        "チラブルチニブ",
                        "イマチニブ",
                        "ダサチニブ",
                        "ニロチニブ",
                        "ポナチニブ",
                        "クリゾチニブ",
                        "セリチニブ",
                        "ブリグチニブ",
                        "ロルラチニブ",
                        "ソラフェニブ"
                    ]
                },
                {
                    "title": "ホルモン治療",
                    "enum": [
                        "メドロキシプロゲステロン酢酸エステル(MPA)",
                        "アナストロゾール",
                        "タモキシフェン"
                    ]
                }
            ]
        }
    }
}
