{
    "$schema": "../jesgo.json",
    "$id": "/schema/record/family_history",
    "jesgo:version": "1.0",
    "type": "object",
    "title": "家族歴",
    "jesgo:unique": true,
    "properties": {
        "乳癌": {
            "type": "string",
            "jesgo:ui:textarea": 1
        },
        "子宮体がん": {
            "type": "string",
            "jesgo:ui:textarea": 1
        },
        "卵巣がん": {
            "type": "string",
            "jesgo:ui:textarea": 1
        },
        "HBOCリスク": {
            "type": "string",
            "jesgo:ui:textarea": 1
        },
        "その他": {
            "type": "string",
            "jesgo:ui:textarea": 2
        }
    }
}
