{
    "$schema": "../jesgo.json",
    "$id": "/schema/record/meeting_record",
    "jesgo:version": "1.0",
    "type": "object",
    "title": "カンファレンス記録",
    "jesgo:unique": false,
    "jesgo:parentschema": [
        "/schema/meeting"
    ],
    "properties": {
        "日付": {
            "title": "カンファレンス日付",
            "type": "string",
            "format": "date",
            "jesgo:set": "eventdate"
        },
        "記録": {
            "type": "string",
            "title": "カンファレンス記録",
            "jesgo:ui:textarea": 5
        }
    }
}
