{
    "$schema": "../jesgo.json",
    "$id": "/schema/record/past_history",
    "jesgo:version": "1.0",
    "type": "object",
    "title": "既往歴",
    "jesgo:unique": true,
    "properties": {
        "手術以外": {
            "type": "string",
            "jesgo:ui:textarea": 4
        },
        "手術歴": {
            "type": "string",
            "jesgo:ui:textarea": 2
        },
        "子宮摘出": {
            "type": "string",
            "enum": [
                "あり",
                "なし"
            ]
        },
        "卵巣切除": {
            "type": "string",
            "enum": [
                "なし",
                "左",
                "右",
                "両側",
                "不明"
            ]
        },
        "卵管切除": {
            "type": "string",
            "enum": [
                "なし",
                "左",
                "右",
                "両側",
                "不明"
            ]
        }
    }
}
