{
    "$schema": "../jesgo.json",
    "$id": "/schema/record/pathlogy_report",
    "jesgo:version": "1.0",
    "type": "object",
    "title": "病理診断レポート",
    "jesgo:parentschema": [
        "/schema/*/pathology"
    ],
    "properties": {
        "検査実施日": {
            "type": "string",
            "format": "date",
            "jesgo:set": "eventdate"
        },
        "標本番号": {
            "type": "string"
        },
        "病理診断": {
            "type": "string",
            "jesgo:ui:textarea": true
        },
        "所見": {
            "type": "string",
            "jesgo:ui:textarea": true
        }
    }
}
