{
    "$schema": "../jesgo.json",
    "$id": "/schema/treatment/relapse_treatment",
    "jesgo:version": "1.2",
    "title": "再発治療",
    "jesgo:unique": true,
    "type": "object",
    "properties": {
        "再発治療開始日": {
            "type": "string",
            "format": "date",
            "jesgo:set": "eventdate",
            "jesgo:inheriteventdate": "clear",
            "$comment": "治療開始日が同じものは同時性重複癌としてマークされます."
        },
        "治療評価": {
            "type": "object",
            "properties": {
                "評価日": {
                    "type": "string",
                    "format": "date"
                },
                "判定": {
                    "type": "string",
                    "oneOf": [
                        {
                            "type": "string",
                            "enum": [
                                "CR"
                            ],
                            "title": "CR: 完全奏功(complete response)"
                        },
                        {
                            "type": "string",
                            "enum": [
                                "PR"
                            ],
                            "title": "PR: 部分奏功(partial response)"
                        },
                        {
                            "type": "string",
                            "enum": [
                                "SD"
                            ],
                            "title": "SD: 安定(stable disease)"
                        },
                        {
                            "type": "string",
                            "enum": [
                                "PD"
                            ],
                            "title": "PD: 進行(progressive disease)"
                        }
                    ]
                },
                "評価法": {
                    "type": "string",
                    "jesgo:ui:listtype": "combo",
                    "oneOf": [
                        {
                            "type": "string",
                            "enum": [
                                "CT",
                                "MRI",
                                "PET-CT"
                            ]
                        },
                        {
                            "type": "string",
                            "$comment": "自由入力"
                        }
                    ]
                },
                "縮小率": {
                    "type": "number",
                    "units": "%"
                }
            }
        }
    },
    "jesgo:ui:subschemastyle": "tab",
    "jesgo:subschema": [
        "/schema/treatment/treatment_summary",
        "/schema/treatment/summary",
        "/schema/treatment/operation",
        "/schema/treatment/chemotherapy",
        "/schema/treatment/radiotherapy",
        "/schema/treatment/supportive_care"
    ]
}
