{
    "$schema": "../jesgo.json",
    "$id": "/schema/common/staging",
    "jesgo:version": "1.2",
    "jesgo:unique": true,
    "type": "object",
    "title": "病期診断",
    "$comment": "一般的病期診断.",
    "properties": {
        "治療施行状況": {
            "type": "string",
            "enum": [
                "初回手術施行例",
                "術前治療後に手術施行",
                "手術未施行例",
                "手術療法、薬物療法、放射線療法を実施せず"
            ]
        },
        "進行期分類の選択": {
            "type": "string",
            "enum": [
                "手術により進行期を決定した症例",
                "治療開始前に進行期を決定した症例"
            ]
        },
        "FIGO": {
            "type": "string",
            "title": "FIGO分類",
            "jesgo:tag": "figo"
        },
        "cTNM": {
            "type": "object",
            "title": "cTNM分類",
            "properties": {
                "T": {
                    "$ref": "#/$defs/T"
                },
                "N": {
                    "$ref": "#/$defs/N"
                },
                "M": {
                    "$ref": "#/$defs/M"
                }
            }
        }
    },
    "allOf": [
        {
            "if": {
                "properties": {
                    "治療施行状況": {
                        "enum":[
                            "初回手術施行例",
                            "初回手術施行"
                        ]
                    }
                }
            },
            "then": {
                "properties": {
                    "cTNM": {},
                    "pTNM": {
                        "type": "object",
                        "title": "pTNM分類(初回手術を実施した症例のみ)",
                        "properties": {
                            "T": {
                                "$ref": "#/$defs/T"
                            },
                            "N": {
                                "$ref": "#/$defs/N"
                            },
                            "M": {
                                "$ref": "#/$defs/M"
                            }
                        }
                    },
                    "ypTNM": {}
                }
            }
        },
        {
            "if": {
                "properties": {
                    "治療施行状況": {
                        "const": "術前治療後に手術施行"
                    }
                }
            },
            "then": {
                "properties": {
                    "cTNM": {
                        "type": "object",
                        "title": "cTNM分類",
                        "properties": {
                            "T": {
                                "$ref": "#/$defs/T"
                            },
                            "N": {
                                "$ref": "#/$defs/N"
                            },
                            "M": {
                                "$ref": "#/$defs/M"
                            }
                        }
                    },
                    "pTNM": {},
                    "ypTNM": {
                        "type": "object",
                        "title": "ypTNM分類(初回手術を実施した症例のみ)",
                        "properties": {
                            "T": {
                                "$ref": "#/$defs/T"
                            },
                            "N": {
                                "$ref": "#/$defs/N"
                            },
                            "M": {
                                "$ref": "#/$defs/M"
                            }
                        }
                    }
                }
            }
        },
        {
            "if": {
                "properties": {
                    "治療施行状況": {
                        "enum": [
                            "手術未施行例",
                            "手術療法、薬物療法、放射線療法を実施せず",
                            "手術未施行",
                            "手術療法、化学療法、放射線療法を実施せず"
                        ]
                    }
                }
            },
            "then": {
                "properties": {
                    "cTNM": {
                        "type": "object",
                        "title": "cTNM分類",
                        "properties": {
                            "T": {
                                "$ref": "#/$defs/T"
                            },
                            "N": {
                                "$ref": "#/$defs/N"
                            },
                            "M": {
                                "$ref": "#/$defs/M"
                            }
                        }
                    },
                    "pTNM": {},
                    "ypTNM": {}
                }
            }
        }
    ],
    "$defs": {
        "T": {
            "type": "string",
            "title": "T分類"
        },
        "N": {
            "type": "string",
            "title": "N分類"
        },
        "M": {
            "type": "string",
            "title": "M分類"
        }
    }
}
