{
    "$schema": "../jesgo.json",
    "$id": "/schema/OV/findings",
    "jesgo:version": "1.2",
    "type": "object",
    "title": "診断所見",
    "jesgo:unique": true,
    "properties": {
        "漿液性卵管上皮内癌（STIC）": {
            "description": "漿液性卵管上皮内癌（STIC）の有無。<br>SEE-FIMプロトコールないしは、それに準じた検索を行わなかった場合に、「検索せず」を選択する。",
            "type": "string",
            "jesgo:required": [
                "JSOG"
            ],
            "enum": [
                "なし",
                "あり",
                "検索せず"
            ]
        },
        "腹水細胞診": {
            "type": "string",
            "enum": [
                "陽性",
                "陰性",
                "未施行",
                "不明"
            ]
        },
        "皮膜破綻の有無": {
            "type": "string",
            "enum": [
                "なし",
                "あり",
                "不明"
            ]
        }
    },
    "jesgo:childschema": [
        "/schema/evaluations/exam",
        "/schema/evaluations/cervix",
        "/schema/evaluations/colposcopy",
        "/schema/evaluations/hysteroscopy",
        "/schema/evaluations/cystoscopy",
        "/schema/evaluations/colonoscopy",
        "/schema/evaluations/tumor_markers",
        "/schema/evaluations/imaging",
        "/schema/evaluations/ascites",
        "/schema/evaluations/pleural_effusion",
        "/schema/evaluations/immunohistochemistry",
        "/schema/evaluations/oncogenes",
        "/schema/evaluations/performance_status",
        "/schema/evaluations/physical_status",
        "/schema/OV/interperitoneal_detail"
    ]
}
