{
    "$schema": "../jesgo.json",
    "$id": "/schema/OV/pathology",
    "jesgo:version": "1.2",
    "type": "object",
    "title": "組織診断",
    "description": "WHO分類2014年",
    "jesgo:parentschema": [
        "/schema/OV/root"
    ],
    "jesgo:unique": true,
    "properties": {
        "組織型": {
            "type": "string",
            "jesgo:required": [
                "JSOG"
            ],
            "oneOf": [
                {
                    "title": "上皮性腫瘍",
                    "enum": [
                        "漿液性境界悪性腫瘍",
                        "漿液性卵管上皮内癌",
                        "微小乳頭状パターンを伴う漿液性境界悪性腫瘍/非浸潤性低異型度漿液性癌",
                        "低異型度漿液性癌",
                        "高異型度漿液性癌",
                        "粘液性境界悪性腫瘍",
                        "粘液性癌",
                        "類内膜境界悪性腫瘍",
                        "類内膜癌",
                        "明細胞境界悪性腫瘍",
                        "明細胞癌",
                        "境界悪性ブレンナー腫瘍",
                        "悪性ブレンナー腫瘍",
                        "漿液粘液性境界悪性腫瘍",
                        "漿液粘液性癌",
                        "未分化癌",
                        "混合型上皮性腫瘍"
                    ]
                },
                {
                    "title": "間葉系腫瘍",
                    "enum": [
                        "低異型度類内膜間質肉腫",
                        "高異型度類内膜間質肉腫"
                    ]
                },
                {
                    "title": "混合型上皮性間葉系腫瘍",
                    "enum": [
                        "腺肉腫",
                        "癌肉腫"
                    ]
                },
                {
                    "title": "性索間質性腫瘍",
                    "enum": [
                        "富細胞性線維腫",
                        "線維肉腫",
                        "悪性ステロイド細胞腫瘍",
                        "成人型顆粒膜細胞腫",
                        "若年型顆粒膜細胞腫",
                        "セルトリ細胞腫",
                        "輪状細管を伴う性索腫瘍"
                    ]
                },
                {
                    "title": "混合型性索間質性腫瘍",
                    "enum": [
                        "中分化型セルトリ・ライディッヒ細胞腫",
                        "低分化型セルトリ・ライディッヒ細胞腫",
                        "低分化型セルトリ・ライディッヒ細胞腫(異所性成分を有する)",
                        "網状型セルトリ・ライディッヒ細胞腫"
                    ]
                },
                {
                    "title": "胚細胞腫瘍",
                    "enum": [
                        "未分化胚細胞腫/ディスジャーミノーマ",
                        "卵黄嚢腫瘍",
                        "胎芽性癌",
                        "非妊娠性絨毛癌",
                        "未熟奇形腫G1",
                        "未熟奇形腫G2",
                        "未熟奇形腫G3",
                        "未熟奇形種グレード不明",
                        "混合型胚細胞性腫瘍",
                        "混合型胚細胞性腫瘍：卵黄嚢腫瘍 + 未分化胚細胞腫",
                        "混合型胚細胞性腫瘍：卵黄嚢腫瘍 + 未熟奇形腫"
                    ]
                },
                {
                    "title": "単胚葉性奇形腫および皮様嚢腫に伴う体細胞型腫瘍",
                    "enum": [
                        "悪性卵巣甲状腺腫",
                        "扁平上皮癌",
                        "カルチノイド腫瘍",
                        "甲状腺腫性カルチノイド",
                        "粘液性カルチノイド",
                        "脂腺癌"
                    ]
                },
                {
                    "title": "胚細胞・性索間質性腫瘍",
                    "enum": [
                        "性腺芽腫",
                        "分類不能な混合型胚細胞・性索間質性腫瘍"
                    ]
                },
                {
                    "title": "その他の腫瘍",
                    "enum": [
                        "卵巣網腺癌",
                        "ウォルフ菅腫瘍",
                        "小細胞癌（高カルシウム血症型）",
                        "小細胞癌（肺型）",
                        "ウィルムス腫瘍",
                        "傍神経節腫",
                        "充実性偽乳頭状腫瘍"
                    ]
                },
                {
                    "title": "中皮腫瘍",
                    "enum": [
                        "中皮腫"
                    ]
                },
                {
                    "title": "リンパ性・骨髄性腫瘍",
                    "enum": [
                        "悪性リンパ腫",
                        "形質細胞腫"
                    ]
                },
                {
                    "title": "平滑筋腫瘍（腹膜腫瘍）",
                    "enum": [
                        "播種性腹膜平滑筋腫症"
                    ]
                },
                {
                    "title": "起源不明の腫瘍",
                    "enum": [
                        "線維形成性小型円形細胞腫瘍"
                    ]
                },
                {
                    "title": "その他の原発腫瘍",
                    "enum": [
                        "孤立性線維性腫瘍",
                        "悪性孤立性線維性腫瘍",
                        "骨盤線維腫症（デスモイド腫瘍）",
                        "炎症性筋線維芽細胞腫瘍",
                        "消化管外間質腫瘍",
                        "その他"
                    ]
                },
                {
                    "title": "診断保留中",
                    "enum": [
                        "組織型診断保留中"
                    ]
                }
            ]
        },
        "その他組織型": {}
    },
    "jesgo:childschema": [
        "/schema/evaluations/immunohistochemistry",
        "/schema/evaluations/oncogenes",
        "/schema/record/pathlogy_report"
    ],
    "if": {
        "properties": {
            "組織型": {
                "const": "その他"
            }
        }
    },
    "then": {
        "properties": {
            "その他組織型": {
                "type": "string"
            }    
        }
    }
}
