{
    "$schema": "../jesgo.json",
    "$id": "/schema/CC/findings",
    "jesgo:version": "1.2",
    "jesgo:unique": true,
    "type": "object",
    "title": "診断所見",
    "properties": {
        "腫瘍最大腫瘍径": {
            "type": "object",
            "jesgo:ui:subschemastyle": "inline",
            "properties": {
                "所見": {
                    "oneOf": [
                        {
                            "type": "string",
                            "enum": [
                                "顕微鏡的病変",
                                "～2㎝",
                                "～4㎝",
                                "～6㎝",
                                "6㎝をこえる",
                                "測定不能"
                            ]
                        },
                        {
                            "type": "number",
                            "units": "cm"
                        }
                    ],
                    "jesgo:required": [
                        "JSOG"
                    ]
                },
                "診断方法": {
                    "type": "string",
                    "jesgo:required": [
                        "JSOG"
                    ],
                    "enum": [
                        "視触診（内診、コルポスコープ診を含む）",
                        "画像診断",
                        "病理診断"
                    ]
                }
            }
        },
        "基靭帯浸潤": {
            "type": "object",
            "jesgo:ui:subschemastyle": "inline",
            "properties": {
                "所見": {
                    "type": "string",
                    "jesgo:required": [
                        "JSOG"
                    ],
                    "enum": [
                        "あり",
                        "なし",
                        "不明・未評価"
                    ]
                },
                "診断方法": {
                    "type": "string",
                    "jesgo:required": [
                        "JSOG"
                    ],
                    "enum": [
                        "視触診（内診、コルポスコープ診を含む）",
                        "画像診断",
                        "病理診断"
                    ]
                }
            }
        },
        "腟壁浸潤": {
            "type": "object",
            "jesgo:ui:subschemastyle": "inline",
            "properties": {
                "所見": {
                    "type": "string",
                    "jesgo:required": [
                        "JSOG"
                    ],
                    "enum": [
                        "あり",
                        "なし",
                        "不明・未評価"
                    ]
                },
                "診断方法": {
                    "type": "string",
                    "jesgo:required": [
                        "JSOG"
                    ],
                    "enum": [
                        "視触診（内診、コルポスコープ診を含む）",
                        "画像診断",
                        "病理診断"
                    ]
                }
            }
        },
        "膀胱粘膜浸潤": {
            "type": "object",
            "jesgo:ui:subschemastyle": "inline",
            "properties": {
                "所見": {
                    "type": "string",
                    "jesgo:required": [
                        "JSOG"
                    ],
                    "enum": [
                        "あり",
                        "なし",
                        "不明・未評価"
                    ]
                },
                "診断方法": {
                    "type": "string",
                    "jesgo:required": [
                        "JSOG"
                    ],
                    "enum": [
                        "画像診断",
                        "病理診断",
                        "膀胱鏡"
                    ]
                }
            }
        },
        "直腸粘膜浸潤": {
            "type": "object",
            "jesgo:ui:subschemastyle": "inline",
            "properties": {
                "所見": {
                    "type": "string",
                    "jesgo:required": [
                        "JSOG"
                    ],
                    "enum": [
                        "あり",
                        "なし",
                        "不明・未評価"
                    ]
                },
                "診断方法": {
                    "type": "string",
                    "jesgo:required": [
                        "JSOG"
                    ],
                    "enum": [
                        "画像診断",
                        "病理診断",
                        "直腸鏡・大腸鏡"
                    ]
                }
            }
        },
        "骨盤リンパ節転移": {
            "type": "object",
            "jesgo:ui:subschemastyle": "inline",
            "properties": {
                "所見": {
                    "type": "string",
                    "jesgo:required": [
                        "JSOG"
                    ],
                    "enum": [
                        "あり",
                        "なし",
                        "不明・未評価"
                    ]
                },
                "診断方法": {
                    "type": "string",
                    "jesgo:required": [
                        "JSOG"
                    ],
                    "enum": [
                        "視診・触診",
                        "画像診断―MRI",
                        "画像診断―CT",
                        "画像診断―PET/CT",
                        "病理診断",
                        "その他"
                    ]
                }
            }
        },
        "傍大動脈リンパ節転移": {
            "type": "object",
            "jesgo:ui:subschemastyle": "inline",
            "properties": {
                "所見": {
                    "type": "string",
                    "jesgo:required": [
                        "JSOG"
                    ],
                    "enum": [
                        "あり",
                        "なし",
                        "不明・未評価"
                    ]
                },
                "診断方法": {
                    "type": "string",
                    "jesgo:required": [
                        "JSOG"
                    ],
                    "enum": [
                        "視診・触診",
                        "画像診断―MRI",
                        "画像診断―CT",
                        "画像診断―PET/CT",
                        "病理診断"
                    ]
                }
            }
        },
        "その他のリンパ節転移": {
            "type": "object",
            "jesgo:ui:subschemastyle": "inline",
            "properties": {
                "所見": {
                    "type": "string",
                    "jesgo:required": [
                        "JSOG"
                    ],
                    "enum": [
                        "あり",
                        "なし",
                        "不明・未評価"
                    ]
                },
                "診断方法": {
                    "type": "string",
                    "jesgo:required": [
                        "JSOG"
                    ],
                    "enum": [
                        "視診・触診",
                        "画像診断―MRI",
                        "画像診断―CT",
                        "画像診断―PET/CT",
                        "病理診断"
                    ]
                }
            }
        },
        "リンパ節以外の遠隔転移": {
            "type": "object",
            "jesgo:ui:subschemastyle": "inline",
            "properties": {
                "所見": {
                    "type": "string",
                    "jesgo:required": [
                        "JSOG"
                    ],
                    "enum": [
                        "あり",
                        "なし",
                        "不明・未評価"
                    ]
                },
                "診断方法": {
                    "type": "string",
                    "jesgo:required": [
                        "JSOG"
                    ],
                    "enum": [
                        "視診・触診",
                        "画像診断",
                        "病理診断"
                    ]
                }
            }
        },
        "再発リスク": {
            "type": "string",
            "enum": [
                "低リスク",
                "中リスク",
                "高リスク"
            ]
        }
    },
    "jesgo:childschema": [
        "/schema/evaluations/exam",
        "/schema/evaluations/cervix",
        "/schema/evaluations/colposcopy",
        "/schema/evaluations/hysteroscopy",
        "/schema/evaluations/cystoscopy",
        "/schema/evaluations/colonoscopy",
        "/schema/evaluations/tumor_markers",
        "/schema/evaluations/imaging",
        "/schema/evaluations/ascites",
        "/schema/evaluations/pleural_effusion",
        "/schema/evaluations/immunohistochemistry",
        "/schema/evaluations/oncogenes",
        "/schema/evaluations/performance_status",
        "/schema/evaluations/physical_status"
    ]
}
