{
    "$schema": "../jesgo.json",
    "$id": "/schema/EM/findings/details",
    "jesgo:version": "1.0",
    "type": "object",
    "jesgo:unique": true,
    "title": "診断所見 詳細",
    "properties": {
        "腹水細胞診": {
            "type": "string",
            "enum": [
                "陽性",
                "陰性",
                "未施行",
                "不明"
            ]
        },
        "筋層浸潤": {
            "type": "object",
            "title": "筋層浸潤の有無と詳細",
            "description": "初回手術未施行例では画像診断での判定所見",
            "properties": {
                "所見": {
                    "type": "string",
                    "enum": [
                        "浸潤なし",
                        "浸潤＜1/2",
                        "浸潤≧1/2",
                        "不明"
                    ]
                },
                "診断方法": {
                    "type": "string",
                    "enum": [
                        "初回手術施行による病理学的診断",
                        "MRI",
                        "CT",
                        "PET/CT"
                    ]
                },
                "筋層の厚さ": {
                    "type": "number",
                    "units": "mm"
                },
                "腫瘍浸潤の深さ": {
                    "type": "number",
                    "units": "mm"
                },
                "詳細": {
                    "type": "string",
                    "jesgo:ui:textarea": true
                }
            }
        },
        "脈管侵襲": {
            "type": "object",
            "title": "脈管侵襲の詳細",
            "jesgo:ui:subschemastyle": "inline",
            "properties": {
                "リンパ管侵襲": {
                    "type": "string",
                    "jesgo:ui:textarea": true
                },
                "静脈侵襲": {
                    "type": "string",
                    "jesgo:ui:textarea": true
                }
            }
        },
        "子宮頸部間質浸潤": {
            "title": "子宮頸部間質浸潤の詳細",
            "type": "string",
            "jesgo:ui:textarea": true
        },
        "子宮傍組織浸潤": {
            "title": "子宮傍組織浸潤の詳細",
            "type": "string",
            "jesgo:ui:textarea": true
        },
        "子宮漿膜浸潤": {
            "title": "子宮漿膜浸潤の詳細",
            "type": "string",
            "jesgo:ui:textarea": true
        },
        "付属器転移": {
            "title": "付属器転移の詳細",
            "type": "string",
            "jesgo:ui:textarea": true
        },
        "他臓器転移": {
            "title": "他臓器への転移の詳細",
            "type": "string",
            "jesgo:ui:textarea": true
        },
        "リンパ節転移": {
            "title": "リンパ節転移の詳細",
            "type": "array",
            "items": {
                "type": "object",
                "jesgo:ui:subschemastyle": "inline",
                "properties": {
                    "部位": {
                        "type": "string"
                    },
                    "摘出リンパ節数": {
                        "type": "integer"
                    },
                    "転移陽性リンパ節数": {
                        "type": "integer"
                    }
                }
            }
        },
        "遠隔転移": {
            "title": "他臓器への転移の詳細",
            "type": "string",
            "jesgo:ui:textarea": true
        },
        "再発リスク": {
            "type": "string",
            "jesgo:ui:listtype": "combo",
            "oneOf": [
                {
                    "enum": [
                        "低リスク",
                        "中リスク",
                        "高リスク"
                    ]
                },
                {
                    "pattern": ".*"
                }
            ]
        }
    },
    "jesgo:childschema": [
        "/schema/evaluations/exam",
        "/schema/evaluations/cervix",
        "/schema/evaluations/colposcopy",
        "/schema/evaluations/hysteroscopy",
        "/schema/evaluations/cystoscopy",
        "/schema/evaluations/colonoscopy",
        "/schema/evaluations/tumor_markers",
        "/schema/evaluations/imaging",
        "/schema/evaluations/ascites",
        "/schema/evaluations/pleural_effusion",
        "/schema/evaluations/immunohistochemistry",
        "/schema/evaluations/oncogenes",
        "/schema/evaluations/performance_status",
        "/schema/evaluations/physical_status"
    ]
}
