{
    "$schema": "../jesgo.json",
    "$id": "/schema/EM/findings",
    "jesgo:version": "1.1",
    "jesgo:unique": true,
    "type": "object",
    "title": "診断所見",
    "properties": {
        "腹水細胞診": {
            "type": "string",
            "jesgo:required": [
                "JSOG"
            ],
            "enum": [
                "陽性",
                "陰性",
                "未施行",
                "不明"
            ]
        },
        "筋層浸潤": {
            "type": "object",
            "title": "筋層浸潤の有無",
            "description": "初回手術未施行例では画像診断での判定所見",
            "jesgo:ui:subschemastyle": "inline",
            "properties": {
                "所見": {
                    "type": "string",
                    "jesgo:required": [
                        "JSOG"
                    ],
                    "enum": [
                        "浸潤なし",
                        "浸潤＜1/2",
                        "浸潤≧1/2",
                        "不明"
                    ]
                },
                "診断方法": {
                    "type": "string",
                    "jesgo:required": [
                        "JSOG"
                    ],
                    "enum": [
                        "初回手術施行による病理学的診断",
                        "MRI",
                        "CT",
                        "PET/CT"
                    ]
                }
            }
        }
    },
    "jesgo:childschema": [
        "/schema/evaluations/exam",
        "/schema/evaluations/cervix",
        "/schema/evaluations/colposcopy",
        "/schema/evaluations/hysteroscopy",
        "/schema/evaluations/cystoscopy",
        "/schema/evaluations/colonoscopy",
        "/schema/evaluations/tumor_markers",
        "/schema/evaluations/imaging",
        "/schema/evaluations/ascites",
        "/schema/evaluations/pleural_effusion",
        "/schema/evaluations/immunohistochemistry",
        "/schema/evaluations/oncogenes",
        "/schema/evaluations/performance_status",
        "/schema/evaluations/physical_status"
    ]
}
