{
    "$schema": "../jesgo.json",
    "$id": "/schema/EM/pathology",
    "jesgo:version": "1.2",
    "jesgo:unique": true,
    "type": "object",
    "title": "組織診断",
    "description": "WHO分類2014年",
    "properties": {
        "組織型": {
            "type": "string",
            "jesgo:required": [
                "JSOG"
            ],
            "enum": [
                "類内膜癌",
                "扁平上皮への分化を伴う類内膜癌", "絨毛腺管型類内膜癌", "分泌型類内膜癌",
                "粘液性癌",
                "漿液性子宮内膜上皮内癌", "漿液性癌",
                "明細胞癌",
                "カルチノイド腫瘍", "小細胞神経内分泌癌", "大細胞神経内分泌癌",
                "混合癌", "未分化癌", "脱分化癌",
                "癌肉腫", "扁平上皮癌",
                "その他", "採取せず"
            ]
        },
        "その他組織型": {},
        "組織学的異型度": {
            "type": "string",
            "jesgo:required": [
                "JSOG"
            ],
            "enum": ["Grade 1", "Grade 2", "Grade 3", "異型度評価の対象に含まれない", "不明"]
        }
    },
    "jesgo:childschema": [
        "/schema/evaluations/immunohistochemistry",
        "/schema/evaluations/oncogenes",
        "/schema/record/pathlogy_report"
    ],
    "if": {
        "properties": {
            "組織型": {
                "const": "その他"
            }
        }
    },
    "then": {
        "properties": {
            "その他組織型": {
                "type": "string"
            }    
        }
    }
}
